{
  "score": 0.565169135404755,
  "params": {
    "table_w_pct": 88,
    "table_h_ratio": 0.52,
    "felt_w_pct": 110.75505955464463,
    "felt_h_pct": 87.61158415021438,
    "felt_radius_x": 48,
    "felt_radius_y": 42,
    "board_top_pct": 42,
    "btn_top_pct": 43.79087498863324,
    "hero_bottom_pct": -4.8695592650779,
    "hero_left_pct": 28,
    "hero_card_w": 58,
    "hero_card_h": 82,
    "board_card_w": 54,
    "board_card_h": 78
  },
  "regions": {
    "table_felt": 0.6064583246180575,
    "board_cards": 0.6191943723840575,
    "hero_cards": 0.5886711246787598,
    "action_buttons": 0.5021085409499454,
    "seat_panels": 0.6768715938904847,
    "pot_text": 0.754677185895203
  }
}