{
  "score": 0.5590216346053072,
  "params": {
    "table_w_pct": 90.07221648058481,
    "table_h_ratio": 0.5308500249762375,
    "felt_w_pct": 107.44213659283261,
    "felt_h_pct": 88.3007152607698,
    "felt_radius_x": 40.88942077093361,
    "felt_radius_y": 45.87156406216499,
    "board_top_pct": 46.60312191056321,
    "btn_top_pct": 42.261724425656496,
    "hero_bottom_pct": -3.7996499755247806,
    "hero_left_pct": 29.220115425621433,
    "hero_card_w": 57.2176132409085,
    "hero_card_h": 68.86894740303245,
    "board_card_w": 45.265804392472674,
    "board_card_h": 68.93205782965727
  },
  "regions": {
    "table_felt": 0.5926776797745138,
    "board_cards": 0.5702876995365003,
    "hero_cards": 0.5886711246787598,
    "action_buttons": 0.5021085409499454,
    "seat_panels": 0.6768316467304055,
    "pot_text": 0.7539623002315758
  }
}