{
  "table_felt": 0.6061839500460806,
  "board_cards": 0.508021312583548,
  "hero_cards": 0.6332730069360424,
  "action_buttons": 0.526787529430316,
  "seat_panels": 0.6950665762257431,
  "pot_text": 0.6285791833896933,
  "overall": 0.5957487376433218
}