{
  "table_felt": 0.5392691623356299,
  "board_cards": 0.4384803123290166,
  "hero_cards": 0.41377185703816394,
  "action_buttons": 0.4885228348948241,
  "seat_panels": 0.661879740881208,
  "pot_text": 0.5390899484468727,
  "overall": 0.5374710582110933
}