{
  "table_felt": 0.5456526642419242,
  "board_cards": 0.4318603656087523,
  "hero_cards": 0.42588849620317204,
  "action_buttons": 0.5198482530084,
  "seat_panels": 0.660891699334516,
  "pot_text": 0.53791967713482,
  "overall": 0.5421226296489163
}