{
  "table_felt": 0.5009477075980482,
  "board_cards": 0.2693132147037873,
  "hero_cards": 0.31815858099734057,
  "action_buttons": 0.434908917469727,
  "seat_panels": 0.683436820574469,
  "pot_text": 0.46238665718430527,
  "overall": 0.5304088763039291
}