{
  "table_felt": 0.5738951992007041,
  "board_cards": 0.5224583746140742,
  "hero_cards": 0.4993953700625388,
  "action_buttons": 0.4645060360618829,
  "seat_panels": 0.6764010871891804,
  "pot_text": 0.5275514930618396,
  "overall": 0.5434305395647333
}