{
  "table_felt": 0.6066768225556023,
  "board_cards": 0.5087817030079774,
  "hero_cards": 0.6332725894013072,
  "action_buttons": 0.5041634590845493,
  "seat_panels": 0.6950665762257431,
  "pot_text": 0.6300336384969677,
  "overall": 0.5932348884454319
}