{
  "table_felt": 0.5466951036143856,
  "board_cards": 0.4841615318160294,
  "hero_cards": 0.528442040455144,
  "action_buttons": 0.4595784429734905,
  "seat_panels": 0.6642253490442808,
  "pot_text": 0.29267815658757745,
  "overall": 0.5240092689487463
}