{
  "table_felt": 0.5657727492669575,
  "board_cards": 0.5090649183704512,
  "hero_cards": 0.4252095056973818,
  "action_buttons": 0.4703463314630036,
  "seat_panels": 0.6950665762257431,
  "pot_text": 0.6300336384969677,
  "overall": 0.5765995555790732
}