{
  "table_felt": 0.6063981075134384,
  "board_cards": 0.508777120604594,
  "hero_cards": 0.6332725894013072,
  "action_buttons": 0.526787529430316,
  "seat_panels": 0.6950665762257431,
  "pot_text": 0.6300336384969677,
  "overall": 0.5957819123855693
}